Type,Name,Request Count,Failure Count,Median Response Time,Average Response Time,Min Response Time,Max Response Time,Average Content Size,Requests/s,Failures/s,50%,66%,75%,80%,90%,95%,98%,99%,99.9%,99.99%,100%
POST,long-rag,21,0,16000,16403.062513907484,1877.137083094567,32332.271291990764,875.0,0.357102815594633,0.0,16000,19000,23000,25000,29000,31000,32000,32000,32000,32000,32000
POST,short,64,0,23000,19461.224421283987,555.8842919999734,32649.943916941993,647.375,1.088313342764596,0.0,24000,26000,29000,29000,31000,32000,32000,33000,33000,33000,33000
,Aggregated,85,0,21000,18705.678538285087,555.8842919999734,32649.943916941993,703.6117647058824,1.445416158359229,0.0,21000,26000,28000,29000,31000,32000,32000,33000,33000,33000,33000
