Type,Name,Request Count,Failure Count,Median Response Time,Average Response Time,Min Response Time,Max Response Time,Average Content Size,Requests/s,Failures/s,50%,66%,75%,80%,90%,95%,98%,99%,99.9%,99.99%,100%
POST,long-rag,19,0,6800,6099.045592219275,2266.8364589335397,7813.527459045872,810.3684210526316,0.34673934655678706,0.0,6800,6900,7100,7100,7800,7800,7800,7800,7800,7800,7800
POST,short,56,0,6000,5365.432924915304,641.8222080683336,7792.499125003815,655.8928571428571,1.0219686003778987,0.0,6000,6400,6700,7000,7400,7600,7700,7800,7800,7800,7800
,Aggregated,75,0,6100,5551.281467298977,641.8222080683336,7813.527459045872,695.0266666666666,1.368707946934686,0.0,6100,6500,6900,7100,7400,7700,7800,7800,7800,7800,7800
